{
	"credit": "Made with Blockbench",
	"textures": {
		"0": "block/dirt",
		"1": "block/cobblestone",
		"particle": "block/dirt"
	},
	"elements": [
		{
			"name": "dirt_0",
			"from": [1, 0, 1],
			"to": [15, 1, 14],
			"faces": {
				"north": {"uv": [14, 14, 2, 15], "texture": "#0"},
				"east": {"uv": [0, 2, 1, 15], "rotation": 90, "texture": "#0"},
				"south": {"uv": [2, 0, 14, 2], "texture": "#0"},
				"west": {"uv": [16, 2, 14, 14], "rotation": 270, "texture": "#0"},
				"up": {"uv": [1, 2, 15, 15], "texture": "#0"},
				"down": {"uv": [1, 15, 15, 2], "texture": "#0"}
			}
		},
		{
			"from": [1, 0, 14],
			"to": [15, 12, 15],
			"faces": {
				"north": {"uv": [1, 3, 15, 15], "texture": "#1"},
				"east": {"uv": [0, 3, 1, 15], "texture": "#1"},
				"south": {"uv": [15, 3, 1, 15], "texture": "#1"},
				"west": {"uv": [15, 3, 16, 15], "texture": "#1"},
				"up": {"uv": [1, 2, 15, 3], "rotation": 180, "texture": "#1"},
				"down": {"uv": [1, 15, 15, 16], "texture": "#1"}
			}
		},
		{
			"from": [2, 12, 14],
			"to": [14, 13, 15],
			"faces": {
				"north": {"uv": [2, 2, 14, 3], "texture": "#1"},
				"east": {"uv": [1, 2, 2, 3], "texture": "#1"},
				"south": {"uv": [14, 2, 2, 3], "texture": "#1"},
				"west": {"uv": [14, 2, 15, 3], "texture": "#1"},
				"up": {"uv": [2, 1, 14, 2], "texture": "#1"},
				"down": {"uv": [2, 1, 14, 2], "texture": "#1"}
			}
		},
		{
			"from": [3, 13, 14],
			"to": [13, 14, 15],
			"faces": {
				"north": {"uv": [3, 1, 13, 2], "texture": "#1"},
				"east": {"uv": [14, 2, 16, 4], "rotation": 270, "texture": "#1"},
				"south": {"uv": [13, 1, 3, 2], "texture": "#1"},
				"west": {"uv": [13, 1, 14, 2], "rotation": 90, "texture": "#1"},
				"up": {"uv": [3, 0, 13, 1], "rotation": 180, "texture": "#1"},
				"down": {"uv": [0, 0, 16, 2], "texture": "#1"}
			}
		}
	],
	"display": {
		"thirdperson_righthand": {
			"rotation": [90, 0, 0],
			"translation": [0, 0.75, 1.5],
			"scale": [0.5, 0.5, 0.5]
		},
		"thirdperson_lefthand": {
			"rotation": [90, 0, 0],
			"translation": [0, 0.75, 1.5],
			"scale": [0.5, 0.5, 0.5]
		},
		"ground": {
			"translation": [0, 3.5, 0]
		},
		"head": {
			"translation": [0, 14.25, 0]
		},
		"fixed": {
			"translation": [0, 1.75, -6]
		}
	},
	"groups": [
		{
			"name": "dirt",
			"origin": [8, 8, 8],
			"color": 0,
			"children": [0, 1, 2, 3]
		}
	]
}