{
  "model": {
    "type": "minecraft:select",
    "cases": [
      {
        "model": {
          "type": "minecraft:model",
          "model": "minecraft:sgrave/grave"
        },
        "when": "sgrave.grave_model--1.0"
      },
      {
        "model": {
          "type": "minecraft:model",
          "model": "minecraft:sgrave/icon"
        },
        "when": "sgrave.icon"
      }
    ],
    "fallback": {
      "type": "minecraft:model",
      "model": "minecraft:item/cyan_dye"
    },
    "property": "minecraft:custom_model_data"
  }
}