{
	"credit": "Made with Blockbench",
	"textures": {
		"0": "sul4ur:block/supp_pearls/crafter_top",
		"1": "minecraft:block/obsidian",
		"2": "sul4ur:item/supp_pearls/base_pearl",
		"6": "sul4ur:block/supp_pearls/crafter_side",
		"particle": "sul4ur:block/supp_pearls/crafter_top"
	},
	"elements": [
		{
			"name": "obsidian",
			"from": [-0.0625, -0.0625, -0.0625],
			"to": [16.0625, 16.0625, 16.0625],
			"faces": {
				"north": {"uv": [0, 0, 16, 16], "texture": "#1"},
				"east": {"uv": [0, 0, 16, 16], "texture": "#1"},
				"south": {"uv": [0, 0, 16, 16], "texture": "#1"},
				"west": {"uv": [0, 0, 16, 16], "texture": "#1"},
				"up": {"uv": [0, 0, 16, 16], "texture": "#1"},
				"down": {"uv": [0, 0, 16, 16], "texture": "#1"}
			}
		},
		{
			"name": "crafter",
			"from": [-0.125, -0.125, -0.125],
			"to": [16.125, 16.125, 16.125],
			"rotation": {"angle": 0, "axis": "y", "origin": [8, 8, 8]},
			"faces": {
				"north": {"uv": [0, 0, 16, 16], "texture": "#6"},
				"east": {"uv": [0, 0, 16, 16], "texture": "#6"},
				"south": {"uv": [0, 0, 16, 16], "texture": "#6"},
				"west": {"uv": [0, 0, 16, 16], "texture": "#6"},
				"up": {"uv": [0, 0, 16, 16], "texture": "#0"}
			}
		},
		{
			"name": "base_pearl_0",
			"from": [6.5, 16, 1.5],
			"to": [9.5, 17, 14.5],
			"rotation": {"angle": 0, "axis": "x", "origin": [-0.5, 17, 0.5]},
			"faces": {
				"north": {"uv": [7, 14, 10, 15], "rotation": 180, "texture": "#2"},
				"east": {"uv": [9, 2, 10, 15], "rotation": 270, "texture": "#2"},
				"south": {"uv": [7, 2, 10, 3], "texture": "#2"},
				"west": {"uv": [7, 2, 8, 15], "rotation": 90, "texture": "#2"},
				"up": {"uv": [10, 2, 7, 15], "rotation": 180, "texture": "#2"},
				"down": {"uv": [7, 2, 10, 15], "texture": "#2"}
			}
		},
		{
			"name": "base_pearl_1",
			"from": [4.5, 16, 2.5],
			"to": [6.5, 17, 13.5],
			"rotation": {"angle": 0, "axis": "x", "origin": [-0.5, 17, 0.5]},
			"faces": {
				"north": {"uv": [5, 13, 7, 14], "rotation": 180, "texture": "#2"},
				"east": {"uv": [6, 3, 7, 14], "rotation": 270, "texture": "#2"},
				"south": {"uv": [5, 3, 7, 4], "texture": "#2"},
				"west": {"uv": [5, 3, 6, 14], "rotation": 90, "texture": "#2"},
				"up": {"uv": [7, 3, 5, 14], "rotation": 180, "texture": "#2"},
				"down": {"uv": [5, 3, 7, 14], "texture": "#2"}
			}
		},
		{
			"name": "base_pearl_2",
			"from": [9.5, 16, 2.5],
			"to": [11.5, 17, 13.5],
			"rotation": {"angle": 0, "axis": "x", "origin": [-0.5, 17, 0.5]},
			"faces": {
				"north": {"uv": [10, 13, 12, 14], "rotation": 180, "texture": "#2"},
				"east": {"uv": [11, 3, 12, 14], "rotation": 270, "texture": "#2"},
				"south": {"uv": [10, 3, 12, 4], "texture": "#2"},
				"west": {"uv": [10, 3, 11, 14], "rotation": 90, "texture": "#2"},
				"up": {"uv": [12, 3, 10, 14], "rotation": 180, "texture": "#2"},
				"down": {"uv": [10, 3, 12, 14], "texture": "#2"}
			}
		},
		{
			"name": "base_pearl_3",
			"from": [3.5, 16, 3.5],
			"to": [4.5, 17, 12.5],
			"rotation": {"angle": 0, "axis": "x", "origin": [-0.5, 17, 0.5]},
			"faces": {
				"north": {"uv": [4, 12, 5, 13], "rotation": 180, "texture": "#2"},
				"east": {"uv": [4, 4, 5, 13], "rotation": 270, "texture": "#2"},
				"south": {"uv": [4, 4, 5, 5], "texture": "#2"},
				"west": {"uv": [4, 4, 5, 13], "rotation": 90, "texture": "#2"},
				"up": {"uv": [5, 4, 4, 13], "rotation": 180, "texture": "#2"},
				"down": {"uv": [4, 4, 5, 13], "texture": "#2"}
			}
		},
		{
			"name": "base_pearl_4",
			"from": [11.5, 16, 3.5],
			"to": [12.5, 17, 12.5],
			"rotation": {"angle": 0, "axis": "x", "origin": [-0.5, 17, 0.5]},
			"faces": {
				"north": {"uv": [12, 12, 13, 13], "rotation": 180, "texture": "#2"},
				"east": {"uv": [12, 4, 13, 13], "rotation": 270, "texture": "#2"},
				"south": {"uv": [12, 4, 13, 5], "texture": "#2"},
				"west": {"uv": [12, 4, 13, 13], "rotation": 90, "texture": "#2"},
				"up": {"uv": [13, 4, 12, 13], "rotation": 180, "texture": "#2"},
				"down": {"uv": [12, 4, 13, 13], "texture": "#2"}
			}
		},
		{
			"name": "base_pearl_5",
			"from": [2.5, 16, 4.5],
			"to": [3.5, 17, 11.5],
			"rotation": {"angle": 0, "axis": "x", "origin": [-0.5, 17, 0.5]},
			"faces": {
				"north": {"uv": [3, 11, 4, 12], "rotation": 180, "texture": "#2"},
				"east": {"uv": [3, 5, 4, 12], "rotation": 270, "texture": "#2"},
				"south": {"uv": [3, 5, 4, 6], "texture": "#2"},
				"west": {"uv": [3, 5, 4, 12], "rotation": 90, "texture": "#2"},
				"up": {"uv": [4, 5, 3, 12], "rotation": 180, "texture": "#2"},
				"down": {"uv": [3, 5, 4, 12], "texture": "#2"}
			}
		},
		{
			"name": "base_pearl_6",
			"from": [12.5, 16, 4.5],
			"to": [13.5, 17, 11.5],
			"rotation": {"angle": 0, "axis": "x", "origin": [-0.5, 17, 0.5]},
			"faces": {
				"north": {"uv": [13, 11, 14, 12], "rotation": 180, "texture": "#2"},
				"east": {"uv": [13, 5, 14, 12], "rotation": 270, "texture": "#2"},
				"south": {"uv": [13, 5, 14, 6], "texture": "#2"},
				"west": {"uv": [13, 5, 14, 12], "rotation": 90, "texture": "#2"},
				"up": {"uv": [14, 5, 13, 12], "rotation": 180, "texture": "#2"},
				"down": {"uv": [13, 5, 14, 12], "texture": "#2"}
			}
		},
		{
			"name": "base_pearl_7",
			"from": [1.5, 16, 6.5],
			"to": [2.5, 17, 9.5],
			"rotation": {"angle": 0, "axis": "x", "origin": [-0.5, 17, 0.5]},
			"faces": {
				"north": {"uv": [2, 9, 3, 10], "rotation": 180, "texture": "#2"},
				"east": {"uv": [2, 7, 3, 10], "rotation": 270, "texture": "#2"},
				"south": {"uv": [2, 7, 3, 8], "texture": "#2"},
				"west": {"uv": [2, 7, 3, 10], "rotation": 90, "texture": "#2"},
				"up": {"uv": [3, 7, 2, 10], "rotation": 180, "texture": "#2"},
				"down": {"uv": [2, 7, 3, 10], "texture": "#2"}
			}
		},
		{
			"name": "base_pearl_8",
			"from": [13.5, 16, 6.5],
			"to": [14.5, 17, 9.5],
			"rotation": {"angle": 0, "axis": "x", "origin": [-0.5, 17, 0.5]},
			"faces": {
				"north": {"uv": [14, 9, 15, 10], "rotation": 180, "texture": "#2"},
				"east": {"uv": [14, 7, 15, 10], "rotation": 270, "texture": "#2"},
				"south": {"uv": [14, 7, 15, 8], "texture": "#2"},
				"west": {"uv": [14, 7, 15, 10], "rotation": 90, "texture": "#2"},
				"up": {"uv": [15, 7, 14, 10], "rotation": 180, "texture": "#2"},
				"down": {"uv": [14, 7, 15, 10], "texture": "#2"}
			}
		}
	],
	"display": {
		"thirdperson_righthand": {
			"rotation": [75, 45, 0],
			"translation": [0, 2.5, 0],
			"scale": [0.375, 0.375, 0.375]
		},
		"thirdperson_lefthand": {
			"rotation": [75, 45, 0],
			"translation": [0, 2.5, 0],
			"scale": [0.375, 0.375, 0.375]
		},
		"firstperson_righthand": {
			"rotation": [0, 45, 0],
			"scale": [0.4, 0.4, 0.4]
		},
		"firstperson_lefthand": {
			"rotation": [0, 225, 0],
			"scale": [0.4, 0.4, 0.4]
		},
		"ground": {
			"translation": [0, 3, 0],
			"scale": [0.25, 0.25, 0.25]
		},
		"gui": {
			"rotation": [30, 225, 0],
			"scale": [0.625, 0.625, 0.625]
		},
		"fixed": {
			"scale": [0.5, 0.5, 0.5]
		}
	},
	"groups": [
		0,
		1,
		{
			"name": "base_pearl",
			"origin": [8, 8, 8],
			"color": 0,
			"children": [2, 3, 4, 5, 6, 7, 8, 9, 10]
		}
	]
}